,Bitcoin_close,Ethereum_close,Litecoin_close,Dash_close,Monero_close,Nem_close,ripple_close
Bitcoin_close,1.0,0.283371578011967,0.5012143827037653,0.3480507575130786,0.3769743781442462,0.26671834743387585,0.17213476921372592
Ethereum_close,0.283371578011967,1.0,0.25882783083474764,0.27212393399866847,0.26657565125632904,0.17715710894422906,0.10736439997797571
Litecoin_close,0.5012143827037653,0.25882783083474764,1.0,0.311686861456243,0.30447404927847865,0.2949653457747445,0.24447301269548297
Dash_close,0.3480507575130786,0.27212393399866847,0.311686861456243,1.0,0.3665132530514923,0.21841597006308808,0.08720138783172712
Monero_close,0.3769743781442462,0.26657565125632904,0.30447404927847865,0.3665132530514923,1.0,0.193070515078048,0.14883280559215556
Nem_close,0.26671834743387585,0.17715710894422906,0.2949653457747445,0.21841597006308808,0.193070515078048,1.0,0.17855300833045112
ripple_close,0.17213476921372592,0.10736439997797571,0.24447301269548297,0.08720138783172712,0.14883280559215556,0.17855300833045112,1.0
